Species,Animal,Muscle,Axon Diameter (_m),Nerve Terminal Perimeter (_m),Nerve Terminal Area (_m2),Number of Terminal Branches,Number of Branch Points,Total Length of Branches (_m),Average Length of Branches (_m),"""Complexity"" ",AChR Perimeter (_m),AChR Area (_m2),Endplate Diameter (_m),Endplate Perimeter (_m),Endplate Area (_m2),Compactness,"""Area of Synaptic Contact"" (_m2)","""Overlap"" (%)",Number of AChR Clusters,Average Area of AChR Clusters (_m2),"""Fragmentation""",Fibre Diameter (_m)
Mouse,Mouse 1 L,EDL,3.1,348.7,335.3,27,23,172.8,7.4,4.93,294.1,473.3,42.4,121.3,763.8,63.5,303.4,65.1,2.5,260.3,0.42,43.7
Mouse,Mouse 1 R,EDL,3.1,314.6,326.4,23,24,164.7,8.8,4.84,247.4,418,39.5,114.1,653.4,65.7,285.6,69.5,1.8,313.5,0.25,43.4
Mouse,Mouse 2 L,EDL,3.5,355.1,337.4,28,27,178.6,7.2,5.02,314.3,445.2,41.6,117.7,735.3,62.7,295.5,66.7,2.2,255.2,0.41,42.5
Mouse,Mouse 2 R,EDL,3.1,364.5,326.4,34,30,183,6.3,5.16,322.2,457.6,44,120.1,725,64.3,304,66.8,2,306.3,0.3,40.3
Mouse,Mouse 3 L,EDL,3,301.8,262.1,26,23,151.3,6.3,4.86,252.3,370.9,39,108.3,571.7,66.9,231.4,63.9,2.3,216.8,0.38,37.9
Mouse,Mouse 3 R,EDL,3.3,383.7,360.7,37,33,196.8,6.1,5.25,341.5,505.7,48,129.9,811.7,64.6,329.3,66.4,3.2,239.6,0.45,43.8
Mouse,Mouse 1 L,PB,3.1,302.5,300.5,27,24,158.7,6.4,4.89,238.8,409.4,40.1,110,606.3,68.1,257.8,63.4,2.3,264.7,0.35,34.9
Mouse,Mouse 1 R,PB,2.8,275.6,246.6,24,24,143.7,6.6,4.82,199.6,368.9,34.1,99.4,512.2,72.3,226.4,62.1,1.6,294.4,0.2,37.9
Mouse,Mouse 2 L,PB,3,333.1,263.9,31,23,159.5,6.8,4.91,292,418.5,37.9,110.3,660.5,64.2,242.6,59.5,2.6,222.6,0.43,42.1
Mouse,Mouse 2 R,PB,2.6,374.4,285.1,36,24,176.7,5.7,5.06,322.1,448.5,44.2,119.5,727.9,62.8,264.9,60,2.3,287.5,0.33,40.8
Mouse,Mouse 3 L,PB,3.1,334.3,272.5,34,26,166.1,5.6,5.07,295.4,386,41.2,117.5,630.9,63.2,232.5,62.3,3,189.8,0.46,40.3
Mouse,Mouse 3 R,PB,2.7,316.7,250.1,27,21,153.7,8.5,4.77,281.2,380.4,39.1,109.9,622.2,63,229.4,63.4,2.4,212.9,0.4,42.1
Mouse,Mouse 1 L,PL,2.6,221,205.1,15,14,111.2,9.4,4.28,196.1,298.5,33.5,96.1,478.1,64.7,185.7,63.3,1.6,218.5,0.24,37
Mouse,Mouse 1 R,PL,3.1,252.6,238.9,28,23,132.7,6.7,4.67,226.4,364.2,34.8,104,581.4,64.2,221.9,62.8,1.9,251.3,0.29,35.8
Mouse,Mouse 2 L,PL,3,284.1,253.6,30,24,143.6,5.7,4.91,241.3,357.7,35.4,103.5,568.7,64.3,227.4,65.7,1.9,230.4,0.31,43.1
Mouse,Mouse 2 R,PL,3.1,293,251.5,24,23,146.9,6.9,4.8,253.9,331.9,38.9,109.5,559.9,60.6,217.7,66.3,2.3,197.5,0.37,40.7
Mouse,Mouse 3 L,PL,3,286.8,264.9,27,23,144.2,6.4,4.82,253.9,351.1,38.8,107.6,567.5,63.5,230.7,67.1,3.1,170.6,0.48,43.1
Mouse,Mouse 3 R,PL,2.9,358,286,41,32,179.6,6.1,5.18,330.7,416.3,52.5,138.1,747.5,58.4,250.6,62.1,3.4,185.3,0.55,40.4
Mouse,Mouse 1 L,S,3.5,312.7,351.1,36,34,178.2,5.5,5.24,231.1,442.4,43.9,128.1,651.2,68.9,293,66.5,2.4,267.6,0.37,39.7
Mouse,Mouse 1 R,S,3.1,336,372,30,28,182,6.4,5.07,260.3,481.4,43.6,127.9,740.5,66.8,314.2,65.5,3.1,264.3,0.39,40.5
Mouse,Mouse 2 L,S,3.5,391.2,394.7,42,33,202.9,5.3,5.38,313.1,561.7,50.8,142.7,885.9,64.5,351.8,62.4,3.1,267.7,0.5,37.5
Mouse,Mouse 2 R,S,3.3,406.5,436.7,34,29,208.8,6.8,5.23,334.8,579.7,52.4,148,939.6,63.2,362.8,63.3,3.9,226.6,0.56,38.1
Mouse,Mouse 3 L,S,3.2,326.6,302.7,30,24,164.4,6.1,4.98,256.4,417.2,43.3,121.2,677,64.4,259,62.3,2.4,225.3,0.44,37.6
Mouse,Mouse 3 R,S,3.1,384.7,372.1,34,30,200,6.7,5.16,321.2,495.4,54.2,145.4,858.9,61,312.8,63.7,4.7,156,0.63,40.6
Cat,Cat 8,PB,1.3,294.0007785,111.8274582,94.875,51.835,136.5430587,1.51690443,5.68380391,399.1655049,199.3940836,38.29635862,103.142392,402.4687314,50.831564,84.23908363,43.61698202,2.275,119.1660625,0.386666667,71.348054
Cat,Cat 9,PB,0.79,293.578243,103.7800877,95.35,52.353,134.4165052,1.569494631,5.728146999,342.6017318,178.1831104,33.61196899,100.1733911,382.4315751,48.55607237,79.0958015,45.49914728,2.6,90.07100053,0.45156746,85.6646104
Cat,Cat 5,PB,0.8,257.4574089,97.17815657,97.8,54.096,122.7794773,1.393742487,5.693028347,304.0396883,148.5895906,30.24491079,89.92473207,318.7476236,47.1980606,68.46054834,45.72308545,3.45,65.90768206,0.554007937,91.18377663
Cat,Cat 8,PL,1.1,262.4100784,89.6646417,107.075,60.564,123.8915217,1.242790127,5.773084828,337.8749371,159.9217358,28.43455311,87.79347182,306.776948,53.46762875,67.46923584,42.17781662,3.175,64.71946598,0.576011905,68.34770635
Cat,Cat 9,PL,0.8,364.6590224,124.2542935,149.15,102.704,181.624714,1.371045491,6.31175701,405.0199277,208.314436,34.45055254,100.967279,414.3488874,51.99035021,102.9540598,49.87013743,2.1,118.3692799,0.384583333,81.9563969
Cat,Cat 5,PL,0.7,274.372016,95.70917735,128.075,103.803,148.7497346,1.316735844,6.153004102,353.0109026,144.1349932,27.62644694,82.02885276,263.661898,56.38702418,66.29562886,45.91499449,3.05,71.88372878,0.500734127,73.90464776
Cat,Cat 8,EDL,0.9,232.2537364,82.38807367,87.55,40.677,103.131888,1.275795536,5.46287443,296.3201196,151.0556214,31.60023925,93.41278316,316.0001181,49.29795586,61.22312144,41.70478707,2.975,62.33387265,0.563928571,79.1095354
Cat,Cat 9,EDL,0.65,281.7335695,103.5147724,80.15,43.603,129.5692597,1.845757539,5.544380619,338.7422892,192.5675464,29.90866783,91.67439331,404.4860197,48.60401917,82.92151028,43.35438949,2.05,115.5158311,0.3825,79.71068203
Cat,Cat 5,EDL,0.7,190.9676694,69.01622921,57.16129032,26.53677419,82.27101957,1.62182974,4.949689476,237.4427065,127.840042,25.64888953,75.24140651,261.3839466,49.78431692,54.08710071,42.52471064,2,80.07902334,0.360215054,77.18513715
Cat,Cat 8,S,1.4,249.9810162,86.77092401,125.075,51.205,115.451108,1.044979731,5.753832627,331.765429,113.4310493,29.23352666,86.23647168,271.5036247,43.45854096,50.73362535,44.76485541,4.575,39.27634214,0.641477273,93.6295974
Cat,Cat 9,S,1.1,224.6372337,82.12002553,76.8,37.152,105.5333584,1.445976279,5.334095573,238.3804941,113.7310685,27.42258036,77.43912055,232.885034,50.88787693,61.39828087,54.29875091,3.171428571,46.18597648,0.537959184,109.450354
Cat,Cat 5,S,1.35,339.082317,135.6882225,118,66.409,159.8490848,1.425924109,6.020429663,407.9779339,177.5087487,34.57265428,109.2112051,423.2958927,43.72489921,89.36620738,50.95923271,6.525,35.79721643,0.787400516,100.2785625
Pony,Pony 1,CT,1.822141415,226.4163733,196.424691,28.83333333,21.88666667,114.9512257,4.489579148,4.799620558,213.936404,229.7190374,35.12005831,92.38273453,386.3024356,62.42862335,135.2310848,56.03906973,3,177.0544227,0.4,50.43668206
Pony,Pony 2,CT,1.651658306,195.8287527,172.1759969,29.725,17.101,95.23648865,3.68817827,4.59020118,181.7674608,186.7028831,34.02325201,90.43998582,351.1048565,54.69532915,118.4317922,63.18740058,4,63.46078929,0.650714286,51.17885156
Pony,Pony 3,CT,1.477606369,276.2172416,170.6652885,39.23076923,22.14153846,128.4555642,3.425845402,4.967051285,272.3255239,321.4803525,40.42029901,111.1722233,538.7545497,60.15570046,140.6366226,43.99781814,2.512820513,175.1709166,0.452564103,65.71820612
Pony,Pony 4,CT,1.882652264,200.7617115,168.9168136,25.86046512,24.5227907,104.7945084,4.58929921,4.631497958,173.9810337,204.9714757,29.87739722,84.51279035,340.1072889,61.67337757,124.9408838,61.41386451,2.461538462,115.0508749,0.41001221,69.2636514
Pony,Pony 5,CT,1.421720927,255.5868012,212.9095014,29.8372093,30.93023256,138.5167168,5.239005243,4.970689276,240.5150988,271.241069,37.89115342,101.2629693,455.4301787,61.34942279,171.2003084,63.1622484,2.511627907,148.8528156,0.413344408,67.9021485
Pony,Pony 1,EDL,1.20233678,233.3932878,249.7706227,25.06666667,27.81333333,131.2610593,6.463843251,4.842141044,213.8057459,297.2520118,39.62816889,104.8335481,461.7656365,66.03429075,197.5471464,67.56000871,2.166666667,190.9711661,0.458333333,54.78972762
Pony,Pony 2,EDL,2.152747017,305.9743684,233.5471209,48.26315789,24.84631579,139.4999168,3.113089192,5.146482517,260.6412204,255.4021119,44.31743653,127.7498669,585.9738629,45.33246126,153.115298,60.28878724,6.692307692,42.95356128,0.839768565,58.56495296
Pony,Pony 3,EDL,1.320714299,203.3204944,138.0094053,25.64705882,14.32941176,93.82561504,4.083594314,4.408015027,193.5089288,225.9170727,34.94484519,94.24848573,397.1895376,58.5646925,112.0344171,50.00190035,1.8125,166.911556,0.307291667,49.76131092
Pony,Pony 4,EDL,1.735039874,165.1132474,184.1140392,21.14634146,19.22439024,89.4464312,5.553619157,4.266432051,134.1126596,209.6487121,29.78398338,80.56083506,308.0986129,69.87441752,148.2228618,71.88886636,1.794117647,139.3256117,0.298039216,72.8601173
Pony,Pony 5,EDL,1.669402925,306.3901598,266.1109835,41.54790823,38.05203779,166.8684788,4.570419802,5.327756463,282.653413,334.9938077,40.58257729,108.9707494,543.1091428,62.8505093,218.1356752,65.36490803,2.110953058,207.9958185,0.371704599,84.9914188
Pony,Pony 1,S,2.688613047,140.3225923,154.9573088,13.51612903,10.38709677,63.81627664,5.162648074,3.841398966,96.90811581,112.3494908,27.94757312,68.74075242,180.6147487,63.36375544,84.23555631,74.8580017,5,35.48157759,0.761904762,33.36410393
Pony,Pony 2,S,1.875580016,187.8007318,183.198501,24.9,12.74,78.76566316,3.778329992,4.275391054,139.1726084,124.5644838,35.5093067,93.90534021,261.513291,49.66712122,92.27770432,73.51971708,4,37.15867474,0.75,43.68074358
Pony,Pony 3,S,1.574142913,139.8376034,105.0681825,22.14705882,7.444705882,52.7317064,2.510939583,3.807841259,119.0663043,121.4222851,23.97475556,69.61923939,229.1683716,53.92499846,65.55733426,55.66683661,3,55.96776029,0.545833333,34.92080578
Pony,Pony 4,S,2.088203784,142.148539,134.0344007,22.48571429,17.92,72.82157611,3.567820832,4.197960441,105.9952386,138.4812653,22.89071019,65.44089975,226.5196157,63.60905628,89.53540378,64.36628476,3.571428571,55.03856031,0.644688645,43.3804221
Pony,Pony 5,S,2.421232977,176.1585552,161.8707115,25.10526316,15.14947368,81.49531922,3.718093793,4.383636769,110.2422485,148.116548,25.54835519,71.94502545,241.0491579,63.29467016,95.15274905,64.42792227,2.5,72.97545185,0.500925926,43.2774198
Dog,Dog 1,PB,1.5,368.1724539,252.3457761,90.05,63.126,193.8553043,2.30998643,5.831181552,416.7980683,346.4246103,38.52026597,109.5022796,580.1121473,59.56702189,182.751116,52.21833563,2.225,196.0409079,0.389166667,67.35015782
Dog,Dog 3,PB,1.4,424.0081306,339.1402269,69.79545455,49.37545455,209.6853655,3.334446895,5.718915588,513.8569995,407.7075043,50.89170248,139.7491144,874.6797376,47.05404912,233.3627193,57.75355448,3,212.1390129,0.470012626,86.00860845
Dog,Dog 4,PB,1.6,285.6372536,150.8772632,73.47222222,54.33555556,144.5925359,2.26748,5.651285585,396.5040973,226.1801076,31.82707333,94.59235163,445.9860073,51.90250131,114.6492609,49.46125995,2.888888889,120.3279255,0.380632716,83.62785023
Dog,Dog 1,PL,2.5,527.6978734,332.1727334,129.5789474,74.43578947,250.7989693,2.011434666,6.289392979,644.9808348,509.2469344,55.97525633,160.3733348,1018.253467,51.14634159,256.7116927,50.68503148,4.131578947,169.4930994,0.659617794,72.3327663
Dog,Dog 3,PL,1.2,559.0295968,362.9286299,135.5263158,69.33684211,256.4614806,2.060698619,6.178490827,723.2539013,495.0661998,62.57813537,185.292878,1248.555421,40.94125279,236.3950488,49.35247246,6.552631579,117.2038896,0.74288325,89.98436301
Dog,Dog 4,PL,1.9,417.2399062,319.8523045,72.72727273,46.95090909,196.0698468,3.021430845,5.639770362,486.7473864,506.558326,46.8020386,132.8581946,900.5932158,54.04271578,274.0168679,53.59676062,4.318181818,201.0673444,0.655263676,88.94160947
Dog,Dog 1,EDL,1,546.112131,389.4975116,116.55,73.29,261.5652327,2.288089955,6.298752136,683.1027647,553.5435344,59.21624677,174.9573384,1092.279605,51.61694291,293.9645388,53.11812491,5.975,157.9304625,0.717726267,63.09119305
Dog,Dog 3,EDL,2.9,487.0406792,353.2832968,96.14634146,70.36195122,247.6244851,2.8735337,6.050213133,566.2240571,401.5285488,47.72301703,141.6831856,902.4873075,45.91895709,237.2276497,58.41170727,3.195121951,182.5596911,0.493058635,72.66064206
Dog,Dog 4,EDL,2.5,354.3528845,247.534715,76.52631579,57.26,180.6716463,2.817652477,5.800375828,396.9798872,341.3623886,39.48607397,113.0132007,667.1194857,50.98059858,190.5372342,53.54111775,2.027027027,221.5203325,0.350450451,70.99461843
Sheep,Sheep 1,PL,1.122099979,265.4029147,180.9943885,42.15384615,29.64769231,128.6928918,3.389494934,5.002056609,301.2667409,210.9293364,30.36448516,84.54902156,397.5729711,53.8242506,144.4212595,70.5201605,4.615384615,90.07942946,0.568609702,76.98755
Sheep,Sheep 2,PL,0.40051652,184.6772089,94.45564488,45.425,25.438,85.07808547,1.95360252,4.893080103,188.8390234,150.00898,26.06356418,70.33825481,267.7294366,56.84581361,80.64636735,53.11217544,4.425,51.48190139,0.622977717,61.272775
Sheep,Sheep 3,PL,1.279499182,193.7894578,162.1794696,23.61702128,22.18553191,97.37000131,5.314307789,4.510489085,184.6572789,208.9307153,28.11081145,81.34766186,359.6253712,59.49122992,147.9164011,71.49108726,3.510638298,87.34460597,0.57172408,70.294725
Sheep,Sheep 1,EDL,1.316852659,280.297916,201.5728366,54.27272727,38.76727273,146.7881218,2.936780083,5.420113501,263.9796978,214.7375332,28.57110407,82.64622299,372.9258177,58.50130207,153.8946205,71.60359111,5.681818182,57.17104182,0.738789683,64.54897959
Sheep,Sheep 2,EDL,1.052566626,210.3813096,103.8946816,53.2173913,14.15826087,80.82247177,1.649130114,4.700375542,279.0940378,149.657959,29.09021603,81.0514906,334.4334508,45.43535095,73.74056774,51.75826212,5.260869565,37.55118506,0.740698915,61.335
Sheep,Sheep 3,EDL,1.41422879,280.4898499,215.4991104,49.16326531,35.67428571,141.9439876,3.435732512,5.274816444,243.5094309,237.1052296,34.08675737,96.2421642,454.7077354,52.92949231,172.3391627,72.44410556,5.469387755,49.75895067,0.776110737,71.3372549
Sheep,Sheep 1,S,1.05585329,237.2029678,160.8173642,48.54166667,23.50833333,106.7997137,2.730354878,4.947993682,292.3252292,187.3867533,28.94344567,81.41250751,375.6110368,50.96697482,131.5953804,71.15754613,6.75,37.40051664,0.783555044,65.2725
Sheep,Sheep 2,S,1.156876155,230.706839,112.5154191,65.75,27.965,104.8770699,1.979921431,5.094476499,229.2749675,102.4303212,39.80198257,110.0758,380.1460502,28.92745628,59.76455837,59.2078233,2.975,45.69621502,0.476984127,47.585
Sheep,Sheep 3,S,1.259640437,202.5090426,153.0304743,27.59090909,19.98181818,93.38194176,3.889343588,4.587862675,191.7773561,178.411111,27.29170744,78.67247404,345.7781924,52.2537609,134.4181406,75.92181086,6.045454545,36.33883352,0.782186311,48.4875
Pig,Pig 1,PL,1.498827586,192.7537,202.4889,23.975,32.158,122.8720762,5.756328512,4.856609323,165.76895,237.477625,30.415775,85.23175,342.7321,71.52061864,186.07875,79.17695506,2.55,125.7327907,0.444107143,62.89055
Pig,Pig 2,PL,1.100454545,259.87425,234.907025,36.8,39.858,153.6844541,5.09345415,5.223946744,230.866825,297.134475,33.46775,95.9091,452.80385,67.17366928,219.1039,74.48721582,2.975,176.0794573,0.38099965,90.013925
Pig,Pig 3,PL,1.108884615,270.133725,284.4487,28.625,41.027,163.9039526,6.455839042,5.145555145,242.53105,323.397075,39.2022,116.855975,511.95465,64.44336738,261.910225,81.23375354,5.65,109.2581145,0.63820995,91.8026
Pig,Pig 1,EDL,1.45,173.53,166.11,22.375,26.95,99.557479,4.884994327,4.673506419,152.62,198.95,25.72875,75.5325,290.75475,70.16901448,151.5225,75.97032591,2.175,126.7103393,0.331607143,75.05
Pig,Pig 2,EDL,1.384615385,273.735,270.505,34.9,43.708,163.9483774,5.328284307,5.264833606,256.435,300.0525,35.6185,110.63025,462.87975,71.93135528,236.6,78.60511739,2.9,157.1753611,0.468680556,77.9925
Pig,Pig 3,EDL,1.113043478,290.98,267.9725,38.025,51.6,179.7425,5.53,5.41025,257.09475,309.00925,38.88575,126.02525,492.50575,65.415,244.6875,79.455,5.205128205,109.5846154,0.604871795,110.44
Pig,Pig 1,S,1.026442214,129.6200363,65.46862972,36.88372093,22.4455814,64.55314545,1.909451752,4.636595502,146.1135866,91.97122708,20.62678022,56.99748743,156.7532915,58.86607228,50.84430922,55.17815788,2.255813953,59.94566668,0.331949059,39.825
Pig,Pig 2,S,1.104505504,275.6406193,155.8246105,75.44444444,41.76977778,132.7768017,1.934884902,5.506303038,311.7873967,203.6016341,34.17238114,105.3959279,425.3414087,50.22233414,116.0668716,59.06226425,5.186046512,69.26752206,0.663515716,64.49
Pig,Pig 3,S,1.3350388,246.0758502,130.329356,63.42105263,46.88526316,129.9086089,2.306985929,5.513460461,232.6508911,193.7313381,31.49599478,86.523732,322.5227697,60.89143711,108.4999911,56.90932819,4.5,82.92127362,0.544936335,76.7825
Human,Human,PL,0.84,151.1,122.7,28,14,69.3,3,4.07,143.3,174.4,36.8,101,332,55.6,105.19,49.63,4,50.4,0.64,81.4
Human,Human,PL,0.48,118.8,66.9,28,8,46.7,1.8,3.73,136.2,149.3,35.1,91,268.8,58.1,56.9,37,3.8,54.3,0.59,55.2
Human,Human,PL,0.9,135.7,130.5,22,14,68,3.5,4.09,119.4,182.5,32.2,85.6,291,64.7,118,66.4,2.6,82.9,0.46,65.9
Human,Human,PL,1.08,210.2,216.2,34,27,115.5,3.7,4.83,208.2,333.9,43.6,121.2,540.2,63.1,193.6,59.2,4,116.3,0.61,55.3
Human,Human,PL,0.81,86.1,68.5,14,5,35.1,3.8,3.05,81.2,126.4,23,64.3,186.4,69.6,62,50.5,2.2,71.1,0.4,44.2
Human,Human,PL,0.64,159.6,103.6,33,12,65.3,2.2,4.34,163.3,184.9,33.2,89.9,332.1,57.1,95,51.6,6.5,34,0.8,43.7
Human,Human,PL,0.8,191,124.5,38,11,72.2,2.1,4.33,200.9,238,37.3,100.6,416.8,59.5,115.7,48.6,7.9,35.2,0.81,40.8
Human,Human,PL,0.74,97.1,80.1,17,9,44.4,3,3.51,94.6,143.3,27.7,76.7,218.5,67,70.4,50.1,2.3,76.5,0.43,54.2
Human,Human,PL,0.86,209.3,166.9,39,14,89.4,2.7,4.43,164.2,275.6,36.5,113,436.1,64.9,142.7,53,4,84.2,0.65,78.3
Human,Human,PL,0.84,151.1,122.7,28,14,69.3,3,4.07,85.8,104.5,26.4,69.1,181.8,61.5,105.19,49.63,2.7,50.4,0.48,27.7
Human,Human,PL,1.36,146,130.3,19,14,73.7,5.1,4.05,124.3,162.9,31.4,88.2,269.2,62.1,96.5,59.2,3.3,61.9,0.58,31.7
Human,Human,PL,1.16,172.5,165.5,25,16,85.7,4.1,4.37,133.3,259.1,39.1,103.8,384,68.5,137.7,53,2.8,116.2,0.53,56.2
Human,Human,PL,0.79,75.2,57,16,8,33.2,2.4,3.17,74.6,136.4,24.4,63.1,184.1,74.9,55.1,40.2,1.7,98.4,0.26,51.3
Human,Human,PL,1,170.1,104,37,14,73.2,2.2,4.31,171.9,189.3,46.9,122.2,396.5,49.6,79.4,43.9,5.2,44.6,0.72,63.4
Human,Human,PL,0.76,197.3,169.5,26,14,86.5,4.3,4.33,178.5,293.2,44.1,120.6,475.6,63.4,157.5,54.9,4.6,82.4,0.69,67.9
Human,Human,PL,0.76,274.5,236.7,48,21,117.9,2.6,4.82,337.9,439.6,49.6,154,809.9,58.2,211.2,47.6,6.7,84.2,0.74,87.1
Human,Human,PL,0.57,58.1,45.1,10,3,22.3,3,2.63,65.2,92.4,19.4,54.1,141.3,67.7,42.3,46.2,1.7,60.9,0.29,39.5
Human,Human,PB,0.816428571,134.5642857,108.5714286,26.35714286,12.92857143,62.92857143,2.864285714,3.999285714,162.5,175.6,36.3,101.6,367.6,49.3,89.56428571,49.38571429,4.7,45.4,0.71,64.6
Human,Human,PB,0.63,121.5,83.8,25,13,57.1,2.6,4.08,107.8,142.8,31.8,81.1,235.7,62.2,64.1,48.7,2.6,65.9,0.47,74.6
Human,Human,PB,0.86,115.7,131.4,16,13,63.1,4.8,3.77,115.6,193.5,28.5,77.4,291.2,71.1,118,62.4,2.4,110.8,0.36,71.7
Human,Human,PB,0.84,148.3,115.6,40,27,82.8,2.4,4.62,158.2,205.7,35.3,96.7,311.3,67.1,95.6,46.8,3.4,82.3,0.56,47.3
Human,Human,PB,0.91,109.2,84.4,19,8,45.3,2.8,3.54,114,167.8,29.5,82.2,276.4,62.9,75,45.9,3.3,57.5,0.61,65.9
Human,Human,PB,0.816428571,134.5642857,108.5714286,26.35714286,12.92857143,62.92857143,2.864285714,3.999285714,173.9,163.3,35,94.4,337.1,50.7,89.56428571,49.38571429,6,34.3,0.76,47.3
Human,Human,PB,0.816428571,134.5642857,108.5714286,26.35714286,12.92857143,62.92857143,2.864285714,3.999285714,216.2,256.6,40.5,112.1,498.7,52.4,89.56428571,49.38571429,6.8,44.9,0.8,40.5
Human,Human,PB,0.66,93,68.8,17,6,39.6,2.6,3.51,86,116.4,26.7,73.3,189.5,63.7,57.4,50.6,2.4,57.4,0.44,33.8
Human,Human,PB,0.82,119.7,102.2,21,12,56.9,3.4,3.91,111.6,170.9,26.9,77.5,264,66.9,88.6,52.1,2.7,76.6,0.51,52.1
Human,Human,PB,0.816428571,134.5642857,108.5714286,26.35714286,12.92857143,62.92857143,2.864285714,3.999285714,97.3,106.6,22.6,63.2,186.3,59.6,89.56428571,49.38571429,3,46.8,0.52,41.1
Human,Human,PB,0.99,146.7,128.5,23,14,71.8,3.4,4.12,142,176.6,32.8,109.4,322.1,56.8,103.2,57.6,3.7,58.7,0.62,46.1
Human,Human,PB,1.23,171.3,152.7,28,13,78.4,3.7,4.04,148.9,273.9,42.1,119.6,417.7,66.8,125.1,47.7,3.4,98.1,0.59,53.9
Human,Human,PB,1.16,231.6,198.8,43,21,110.7,3.2,4.72,195.7,250,48,135.1,477.2,55.3,152.6,61,4.8,65.2,0.7,79.8
Human,Human,PB,0.77,106.7,66.4,25,9,46.1,2.1,3.87,109,170.8,31.5,86.8,279.1,63.2,61.4,36.3,2.8,78.2,0.51,59.6
Human,Human,PB,0.75,131.1,96.2,28,11,56.9,2.4,3.96,131.7,189.3,33.7,96.3,317.6,61.9,84.4,45.4,3.2,73.2,0.56,61.3
Human,Human,PB,0.5,147.9,103.2,34,9,57.1,1.8,4.18,195.3,205.8,37.2,105.6,397.4,54.2,81.4,37.4,4.4,65.2,0.59,76.7
Human,Human,PB,0.59,79.8,60.6,16,5,32.2,2.2,3.25,98.4,112.3,23.6,64.7,185.6,63.6,47.5,43.1,1.9,74.4,0.27,50.2
Human,Human,PB,0.72,161.4,127.4,34,20,83,2.7,4.42,171.6,176.8,41.4,107.6,333.3,55.4,99.6,56.4,3.8,56.8,0.6,45.8
Human,Human,EDL,0.793333333,150.3,128.225,27.08333333,14.91666667,71.36666667,2.983333333,4.079166667,155.8,228,39.2,108.2,383.7,62.7,110.975,50.10833333,3.4,82.7,0.55,79.2
Human,Human,EDL,0.58,136.2,96.5,24,9,56.3,2.7,3.85,187.9,185.9,37.9,100.7,335.4,58.1,83.6,48.4,3.5,76.4,0.53,73.7
Human,Human,EDL,0.793333333,150.3,128.225,27.08333333,14.91666667,71.36666667,2.983333333,4.079166667,143.4,144.5,34.5,90.4,258.4,59,110.975,50.10833333,3.1,56.7,0.53,67.2
Human,Human,EDL,0.68,159.7,159.6,35,30,96.7,3.3,4.73,152.5,283.1,39.5,106.1,384.4,74.4,147.4,52.6,2.9,126,0.52,50.6
Human,Human,EDL,0.68,117.3,102.6,17,10,54.4,3.6,3.63,115,165.9,28.7,77.9,279.6,61.9,91.1,55.8,2.9,66.4,0.55,65
Human,Human,EDL,0.793333333,150.3,128.225,27.08333333,14.91666667,71.36666667,2.983333333,4.079166667,208.6,231.1,33.8,96.8,415,56.7,110.975,50.10833333,6.3,47.4,0.76,51.8
Human,Human,EDL,0.793333333,150.3,128.225,27.08333333,14.91666667,71.36666667,2.983333333,4.079166667,209.5,238.9,41,104.4,418,57.7,110.975,50.10833333,6.4,42.1,0.8,52.6
Human,Human,EDL,0.85,97.1,78,17,8,43.3,2.9,3.49,98.8,142.9,27.9,77.2,237.9,62.4,69.7,48.3,2.6,73.3,0.46,46.5
Human,Human,EDL,0.96,206.5,166.2,35,16,89.3,3,4.53,183,261.8,46.1,127.6,460.1,59.1,143.4,56.1,6.1,52.3,0.78,63.1
Human,Human,EDL,0.793333333,150.3,128.225,27.08333333,14.91666667,71.36666667,2.983333333,4.079166667,151.8,223.3,39,106.9,392.6,60.5,110.975,50.10833333,4.1,78.5,0.6,121.9
Human,Human,EDL,0.793333333,150.3,128.225,27.08333333,14.91666667,71.36666667,2.983333333,4.079166667,79.4,91.6,23.5,64,161.2,59.7,110.975,50.10833333,2.6,42.3,0.5,30.8
Human,Human,EDL,1.13,253.5,214.8,50,34,135.6,3.2,5.1,206,277,51.6,138.3,499.7,58.5,167.6,62.4,5.1,68.6,0.72,54.7
Human,Human,EDL,1.14,147.9,150.6,24,17,78.8,3.9,4.14,145.7,238.6,33.9,94.9,369.4,68.7,122.6,50.9,2.7,111.1,0.47,58
Human,Human,EDL,0.99,132.3,138.8,21,13,66,3.2,3.97,133.5,234.2,34,90.7,327.6,70.7,117.4,48.4,2.5,124.5,0.4,72.3
Human,Human,EDL,0.88,135.8,108.6,23,12,61.4,3,4.03,133.7,221.2,35.1,97.3,361.5,64,101.8,45.7,3.4,85.6,0.59,56.2
Human,Human,EDL,0.67,195.1,161.9,35,16,88.5,2.6,4.39,174.8,316.8,42.8,119.2,491.3,66.1,142.5,45,4,124.1,0.58,81
Human,Human,EDL,0.43,111.3,75.6,24,7,41.1,1.9,3.49,150.7,178.9,34.8,92.5,290.5,62.5,66.1,39.8,3.3,73.6,0.51,57.3
Human,Human,EDL,0.53,110.9,85.5,20,7,45,2.5,3.6,122.5,164.9,30.3,85.4,271.9,63.5,78.5,47.9,3,71.7,0.54,57.6
Human,Human,EDL,0.793333333,150.3,128.225,27.08333333,14.91666667,71.36666667,2.983333333,4.079166667,127,176.7,33.7,87.7,279.8,64.2,110.975,50.10833333,3.2,69.4,0.56,41.4
Human,Human,S,0.8925,166.9153846,130.7076923,32.07692308,14.46153846,75.11538462,2.9,4.216153846,193.9,201.2,41.8,110,380.4,54.9,112.3461538,48.15384615,4.8,51,0.67,64.5
Human,Human,S,0.94,132.6,144.7,21,16,70.3,3.6,4.15,131.5,209.1,36.1,97.5,341,64.1,133.8,65.5,2.7,106.7,0.41,63.5
Human,Human,S,0.88,162.9,146.5,25,15,77.6,3.4,4.19,187.4,277,48,123.9,469.3,61.6,138.6,50.3,4.4,79.2,0.68,51.9
Human,Human,S,0.76,107.8,93.3,14,9,49.7,4.5,3.54,91.5,146.3,23.6,65.5,212.4,70,81.4,58.1,2,92.5,0.32,67.8
Human,Human,S,0.8925,166.9153846,130.7076923,32.07692308,14.46153846,75.11538462,2.9,4.216153846,183.1,203.9,36.3,104.1,389.7,55.5,112.3461538,48.15384615,5.9,41.1,0.74,51.5
Human,Human,S,0.8925,166.9153846,130.7076923,32.07692308,14.46153846,75.11538462,2.9,4.216153846,254.1,269,43.5,122.6,523.3,53,112.3461538,48.15384615,8.4,44.2,0.81,55.2
Human,Human,S,0.67,136,105.7,25,11,61.2,3.1,3.83,126.2,195.7,31.2,91.4,315,66.5,91,46.8,2.9,88.1,0.47,61.7
Human,Human,S,0.96,225.5,174.8,46,20,101.9,2.6,4.73,180.3,279,46.2,129.1,500,59.1,145.3,52.4,5.1,65,0.71,67.7
Human,Human,S,0.8925,166.9153846,130.7076923,32.07692308,14.46153846,75.11538462,2.9,4.216153846,123.4,175.2,31.4,86.6,289.5,62.8,112.3461538,48.15384615,2.8,73.2,0.51,128.4
Human,Human,S,0.8925,166.9153846,130.7076923,32.07692308,14.46153846,75.11538462,2.9,4.216153846,84.4,115,25.9,68.8,183.1,63.9,112.3461538,48.15384615,2.3,62,0.45,49.1
Human,Human,S,1.09,184.7,142.9,32,14,80.9,3,4.37,169.7,243.3,47.3,117.6,434.7,59.5,113.5,46.7,4.7,64.2,0.69,40.9
Human,Human,S,1.01,183,115.4,41,12,74.7,2,4.27,172.6,293.8,50.8,135.6,458.6,65.2,92.5,31.8,3.6,99.7,0.63,78.1
Human,Human,S,1.13,181.8,159.1,31,15,82.4,3.4,4.22,187.3,222,38,103.4,390.7,60.6,122.3,57.3,4.5,77.6,0.6,60.4
Human,Human,S,0.94,169.3,124.3,33,16,78.1,2.7,4.4,155.5,223.1,37.4,103.7,381.1,61.1,107.5,49.3,3.9,69.5,0.64,46.9
Human,Human,S,0.74,234.6,188,44,18,102.4,2.8,4.74,246.5,399.2,58.3,159.1,702.2,58.9,167.9,43.5,6.5,69,0.8,83.5
Human,Human,S,0.89,136.5,92.9,35,14,59.9,1.9,4.15,220.8,252.7,42.7,111.9,416.3,61.5,83.5,33.8,3.6,92.6,0.57,83
Human,Human,S,0.68,96,83.3,17,7,40.6,2.6,3.38,115.6,147.3,35.6,87.8,243.2,63.7,76.3,51.5,3.2,57.3,0.52,50.4
Human,Human,S,0.91,219.2,128.3,53,21,96.8,2.1,4.84,236.1,281.4,44,120.8,508.2,57,106.9,39,5.7,59.3,0.75,69.3